0,gen_00008_indiv_00000,3.412882028761672,4,13,"xor(len(sqrt(mult(x, x)), sin(neg(scalar(0.24632904423717794)))), neg(mult(y, y)))"
1,gen_00008_indiv_00001,6.385785769737763,9,146,"cos(sub(sstepp(log(sqrt(scalar(0.03624676367257962)))), clip(sstep(mult(sqrt(xor(mult(scalar(0.2125451383773731), scalar(0.7891159285149207)), y)), pow(_or(exp(scalar(-0.4268797823071977)), log(scalar(0.87313119706142))), warp(add(scalar(0.17444282915009834), y), lerp(scalar(-0.5963966256829478), scalar(0.8328822112183407), scalar(0.914211701800953)), mult(x, x))))), clip(clip(xor(mult(_or(scalar(-0.77848969786447), y), pow(scalar(-0.3398587584055168, -0.9279810897696437, 0.5415742054172201), scalar(0.2763369282380006, -0.29868870926919877, -0.7932812824492657))), pow(tan(x), sstepp(scalar(-0.39745832928142955)))), sub(min(max(scalar(-0.038949413162009394), x), neg(y)), lerp(sstepp(y), exp(scalar(0.416706532010092)), clip(scalar(-0.5113022974127572, -0.5993446222087069, -0.16767241994890614), scalar(0.8050516580155938, -0.9200987585050651, -0.08344139601673528), y))), lerp(_or(lerp(x, x, scalar(0.9302118885204473, -0.18020556563435086, 0.7692458795661095)), mdist(scalar(-0.8925150475438546), scalar(-0.979017455222799, 0.24193262282713657, -0.8905676791990698))), add(add(scalar(-0.43660612879688143), scalar(-0.20434389039403134)), step(scalar(-0.8129418380908067, -0.7442426669256046, 0.9370736201680914))), sstepp(add(x, y)))), pow(sin(tan(max(scalar(0.48987882494320556), scalar(-0.7977548043072902)))), max(lerp(frac(scalar(0.7453978140441169, 0.4233213873340733, 0.26841689790020307)), step(y), _if(scalar(0.32839065263947886), scalar(0.5383047636166172), y)), warp(div(scalar(0.6390820168652691), y), sstepp(scalar(-0.806708653191462)), add(y, scalar(-0.6442318307406327))))), _and(warp(add(scalar(0.17444282915009834), y), lerp(scalar(-0.5963966256829478), scalar(0.8328822112183407), scalar(0.914211701800953)), mult(x, x)), _if(cos(exp(pow(x, y))), sign(step(scalar(-0.5003307933419445))), neg(exp(scalar(0.3236585515150836)))))), abs(xor(sqrt(sign(sqrt(x))), _and(mdist(scalar(0.48987882494320556), sqrt(scalar(-0.8585578004709593))), len(cos(scalar(0.011771680532794093, 0.3968913011400621, 0.5260618511895729)), x)))))))"
2,gen_00008_indiv_00002,6.598190647247866,9,72,"min(_or(sign(clip(sqrt(lerp(lerp(y, scalar(0.355425402485841), scalar(0.09109838833621442)), mult(scalar(0.6179107559704677, 0.11734183276222088, -0.2191245539964204), scalar(0.5447742356339658)), sin(x))), scalar(0.3611229109685967), pow(mult(x, y), pow(clip(y, scalar(0.6214182041131131, 0.012213943471488298, -0.9654832455463729), scalar(0.6454589671050168)), max(x, x))))), exp(sstep(mult(sqrt(xor(mult(scalar(0.2125451383773731), scalar(0.7891159285149207)), clip(x, scalar(0.5982908220024605), x))), pow(_or(exp(scalar(-0.4268797823071977)), log(scalar(0.87313119706142))), warp(pow(scalar(-0.3398587584055168, -0.9279810897696437, 0.5415742054172201), scalar(0.2763369282380006, -0.29868870926919877, -0.7932812824492657)), neg(lerp(scalar(-0.5963966256829478), scalar(0.8328822112183407), scalar(0.914211701800953))), mult(x, x))))))), sstep(cos(mod(_if(sstep(y), sign(scalar(-0.43414244573591443)), max(scalar(-0.038949413162009394), x)), mult(x, y)))))"
3,gen_00008_indiv_00003,5.483015079662437,8,140,"cos(sub(sstepp(log(mult(sstep(x), mdist(mdist(x, y), scalar(-0.1780816454360239))))), clip(sstep(mult(len(cos(x), step(y)), mdist(mdist(x, y), sqrt(scalar(-0.4768992246590582))))), clip(clip(xor(mult(_or(scalar(-0.77848969786447), y), pow(scalar(-0.3398587584055168, -0.9279810897696437, 0.5415742054172201), scalar(0.2763369282380006, -0.29868870926919877, -0.7932812824492657))), pow(tan(x), sstepp(scalar(-0.39745832928142955)))), sub(min(max(scalar(-0.038949413162009394), x), neg(y)), lerp(sstepp(y), exp(scalar(0.416706532010092)), clip(scalar(-0.5113022974127572, -0.5993446222087069, -0.16767241994890614), scalar(0.8050516580155938, -0.9200987585050651, -0.08344139601673528), y))), lerp(_or(lerp(x, x, scalar(0.9302118885204473, -0.18020556563435086, 0.7692458795661095)), mdist(scalar(-0.8925150475438546), scalar(-0.979017455222799, 0.24193262282713657, -0.8905676791990698))), add(add(scalar(-0.43660612879688143), scalar(-0.20434389039403134)), step(scalar(-0.8129418380908067, -0.7442426669256046, 0.9370736201680914))), len(x, scalar(0.9807570151671052)))), pow(sin(tan(max(scalar(0.48987882494320556), scalar(-0.7977548043072902)))), max(lerp(pow(x, y), xor(x, x), _if(scalar(0.32839065263947886), scalar(0.5383047636166172), y)), warp(step(y), sstepp(scalar(-0.806708653191462)), add(y, scalar(-0.6442318307406327))))), _and(log(div(sign(y), sub(x, scalar(-0.2941559256515165, -0.0170577563498453, 0.837531933248735)))), _if(exp(pow(x, y)), sign(step(scalar(-0.5003307933419445))), neg(exp(scalar(0.3236585515150836)))))), abs(xor(sqrt(sign(sqrt(x))), _and(mdist(min(y, scalar(-0.123854383566262, -0.8237365582484517, -0.28911671050967547)), cos(x)), len(cos(scalar(0.011771680532794093, 0.3968913011400621, 0.5260618511895729)), lerp(y, scalar(0.355425402485841), scalar(0.09109838833621442)))))))))"
4,gen_00008_indiv_00004,6.053340269080309,8,30,"min(_or(sin(scalar(0.2854441763231468)), sstep(x)), sstep(cos(mod(_if(sstep(y), sign(scalar(-0.43414244573591443)), add(scalar(0.2732346951742799), scalar(-0.40067035058305334))), frac(max(scalar(0.4207791106774501), warp(div(scalar(0.6390820168652691), y), add(scalar(-0.43660612879688143), scalar(-0.20434389039403134)), add(y, scalar(-0.6442318307406327)))))))))"
5,gen_00008_indiv_00005,6.631201179219763,9,85,"cos(sub(sstepp(log(abs(_or(x, x)))), clip(sstep(mult(sqrt(xor(mult(scalar(0.2125451383773731), scalar(0.7891159285149207)), clip(x, scalar(0.5982908220024605), x))), pow(_or(exp(scalar(-0.4268797823071977)), log(scalar(0.87313119706142))), warp(add(scalar(0.17444282915009834), y), lerp(scalar(-0.5963966256829478), scalar(0.8328822112183407), scalar(0.914211701800953)), mult(x, x))))), clip(sqrt(scalar(-0.8585578004709593)), pow(sin(tan(max(scalar(0.48987882494320556), scalar(-0.7977548043072902)))), max(scalar(0.4207791106774501), warp(div(scalar(0.6390820168652691), y), add(scalar(-0.43660612879688143), scalar(-0.20434389039403134)), add(y, scalar(-0.6442318307406327))))), pow(abs(frac(y)), step(lerp(cos(x), neg(y), mod(abs(x), sqrt(scalar(-0.9289230942995552, -0.416176666890973, -0.4555496199961797))))))), abs(xor(sqrt(sign(sqrt(x))), len(cos(scalar(0.011771680532794093, 0.3968913011400621, 0.5260618511895729)), pow(x, scalar(0.4207791106774501))))))))"
6,gen_00008_indiv_00006,6.448170357908245,9,143,"cos(sub(sstepp(log(abs(_or(x, x)))), clip(sstep(mult(sqrt(xor(mult(scalar(0.2125451383773731), scalar(0.7891159285149207)), y)), pow(_or(exp(scalar(-0.4268797823071977)), log(scalar(0.87313119706142))), warp(step(max(scalar(0.48987882494320556), scalar(-0.7977548043072902))), lerp(scalar(-0.5963966256829478), scalar(0.8328822112183407), scalar(0.914211701800953)), mult(x, x))))), clip(clip(xor(mult(_or(scalar(-0.77848969786447), y), pow(scalar(-0.3398587584055168, -0.9279810897696437, 0.5415742054172201), scalar(0.2763369282380006, -0.29868870926919877, -0.7932812824492657))), pow(tan(x), sstepp(scalar(-0.39745832928142955)))), sub(_or(scalar(-0.77848969786447), y), lerp(sstepp(y), exp(scalar(0.416706532010092)), clip(scalar(-0.5113022974127572, -0.5993446222087069, -0.16767241994890614), scalar(0.8050516580155938, -0.9200987585050651, -0.08344139601673528), y))), lerp(_or(lerp(x, x, scalar(0.9302118885204473, -0.18020556563435086, 0.7692458795661095)), mdist(scalar(-0.8925150475438546), scalar(-0.979017455222799, 0.24193262282713657, -0.8905676791990698))), add(add(scalar(-0.43660612879688143), scalar(-0.20434389039403134)), step(scalar(-0.8129418380908067, -0.7442426669256046, 0.9370736201680914))), sstepp(add(x, y)))), pow(sin(tan(mdist(x, y))), max(lerp(frac(scalar(0.7453978140441169, 0.4233213873340733, 0.26841689790020307)), step(y), _if(scalar(0.32839065263947886), scalar(0.5383047636166172), y)), warp(div(scalar(0.6390820168652691), y), sstepp(scalar(-0.806708653191462)), add(y, scalar(-0.6442318307406327))))), _and(log(div(sign(y), sub(x, scalar(-0.2941559256515165, -0.0170577563498453, 0.837531933248735)))), _if(exp(pow(x, y)), sign(step(scalar(-0.5003307933419445))), neg(exp(scalar(0.3236585515150836)))))), abs(xor(sqrt(sign(sqrt(x))), _and(mdist(min(y, scalar(-0.123854383566262, -0.8237365582484517, -0.28911671050967547)), sqrt(scalar(-0.8585578004709593))), len(cos(scalar(0.011771680532794093, 0.3968913011400621, 0.5260618511895729)), x)))))))"
7,gen_00008_indiv_00007,6.197263314039958,9,137,"cos(sub(sstepp(log(abs(sin(x)))), clip(sstep(mult(len(cos(x), step(y)), mdist(mdist(x, y), sqrt(scalar(-0.4768992246590582))))), clip(clip(xor(mult(_or(scalar(-0.77848969786447), y), pow(scalar(-0.3398587584055168, -0.9279810897696437, 0.5415742054172201), scalar(0.2763369282380006, -0.29868870926919877, -0.7932812824492657))), pow(tan(x), sstepp(scalar(-0.39745832928142955)))), sub(min(max(scalar(-0.038949413162009394), x), neg(y)), lerp(sstepp(y), exp(scalar(0.416706532010092)), add(y, scalar(-0.6442318307406327)))), lerp(_or(lerp(x, x, scalar(0.9302118885204473, -0.18020556563435086, 0.7692458795661095)), mdist(scalar(-0.8925150475438546), scalar(-0.979017455222799, 0.24193262282713657, -0.8905676791990698))), add(add(scalar(-0.43660612879688143), scalar(-0.20434389039403134)), step(scalar(-0.8129418380908067, -0.7442426669256046, 0.9370736201680914))), len(x, clip(y, scalar(0.9807570151671052), y)))), pow(sin(tan(max(scalar(0.48987882494320556), scalar(-0.7977548043072902)))), max(_if(exp(pow(x, y)), sign(step(scalar(-0.5003307933419445))), neg(exp(scalar(0.3236585515150836)))), warp(step(y), sstepp(scalar(-0.806708653191462)), add(y, scalar(-0.6442318307406327))))), _and(log(div(sign(y), sub(x, scalar(-0.2941559256515165, -0.0170577563498453, 0.837531933248735)))), _if(exp(pow(x, y)), sign(step(scalar(-0.5003307933419445))), neg(exp(scalar(0.3236585515150836)))))), abs(xor(sqrt(sign(sqrt(x))), _and(mdist(min(y, scalar(-0.123854383566262, -0.8237365582484517, -0.28911671050967547)), sqrt(scalar(-0.8585578004709593))), len(cos(scalar(0.011771680532794093, 0.3968913011400621, 0.5260618511895729)), lerp(y, scalar(0.355425402485841), scalar(0.09109838833621442)))))))))"
8,gen_00008_indiv_00008,6.580125780252738,10,129,"cos(sub(sstepp(log(y)), clip(sstep(mult(sqrt(xor(mult(scalar(0.2125451383773731), scalar(0.7891159285149207)), y)), pow(_or(sqrt(xor(mult(scalar(0.2125451383773731), scalar(0.7891159285149207)), clip(x, scalar(0.5982908220024605), x))), log(scalar(0.87313119706142))), warp(add(scalar(0.17444282915009834), y), lerp(scalar(-0.5963966256829478), scalar(0.8328822112183407), scalar(0.914211701800953)), mult(x, x))))), clip(clip(xor(mult(_or(scalar(-0.77848969786447), y), pow(scalar(-0.3398587584055168, -0.9279810897696437, 0.5415742054172201), scalar(0.2763369282380006, -0.29868870926919877, -0.7932812824492657))), pow(tan(x), sstepp(scalar(-0.39745832928142955)))), sub(y, lerp(sstepp(y), exp(scalar(0.416706532010092)), clip(scalar(-0.5113022974127572, -0.5993446222087069, -0.16767241994890614), scalar(0.8050516580155938, -0.9200987585050651, -0.08344139601673528), y))), lerp(_or(lerp(x, x, scalar(0.9302118885204473, -0.18020556563435086, 0.7692458795661095)), mdist(scalar(-0.8925150475438546), scalar(-0.979017455222799, 0.24193262282713657, -0.8905676791990698))), add(add(scalar(-0.43660612879688143), scalar(-0.20434389039403134)), step(scalar(-0.8129418380908067, -0.7442426669256046, 0.9370736201680914))), sstepp(add(x, y)))), pow(sin(tan(max(scalar(0.48987882494320556), scalar(-0.7977548043072902)))), max(lerp(frac(scalar(0.7453978140441169, 0.4233213873340733, 0.26841689790020307)), step(y), _if(scalar(0.32839065263947886), scalar(0.5383047636166172), y)), warp(div(scalar(0.6390820168652691), y), x, add(y, scalar(-0.6442318307406327))))), _and(log(div(sign(y), sub(x, scalar(-0.2941559256515165, -0.0170577563498453, 0.837531933248735)))), _if(exp(pow(x, y)), sign(step(scalar(-0.5003307933419445))), neg(exp(scalar(0.3236585515150836)))))), abs(step(scalar(-0.5003307933419445))))))"
9,gen_00008_indiv_00009,6.414246762574706,9,138,"cos(sub(sstepp(log(abs(_or(x, x)))), clip(sstep(mult(sqrt(xor(mult(scalar(0.2125451383773731), scalar(0.7891159285149207)), y)), pow(_or(exp(scalar(-0.4268797823071977)), log(scalar(0.87313119706142))), warp(step(max(scalar(0.48987882494320556), scalar(-0.7977548043072902))), lerp(scalar(-0.5963966256829478), scalar(0.8328822112183407), scalar(0.914211701800953)), mult(x, x))))), clip(clip(xor(mult(_or(scalar(-0.77848969786447), y), pow(scalar(-0.3398587584055168, -0.9279810897696437, 0.5415742054172201), scalar(0.2763369282380006, -0.29868870926919877, -0.7932812824492657))), pow(tan(x), sstepp(scalar(-0.39745832928142955)))), sub(_or(scalar(-0.77848969786447), y), lerp(sstepp(y), exp(scalar(0.416706532010092)), clip(scalar(-0.5113022974127572, -0.5993446222087069, -0.16767241994890614), scalar(0.8050516580155938, -0.9200987585050651, -0.08344139601673528), y))), lerp(_or(lerp(x, x, scalar(0.9302118885204473, -0.18020556563435086, 0.7692458795661095)), mdist(scalar(-0.8925150475438546), scalar(-0.979017455222799, 0.24193262282713657, -0.8905676791990698))), add(add(scalar(-0.43660612879688143), scalar(-0.20434389039403134)), step(scalar(-0.8129418380908067, -0.7442426669256046, 0.9370736201680914))), sstepp(add(x, y)))), pow(sin(tan(max(scalar(0.48987882494320556), scalar(-0.7977548043072902)))), max(lerp(frac(scalar(0.7453978140441169, 0.4233213873340733, 0.26841689790020307)), step(y), _if(scalar(0.32839065263947886), scalar(0.5383047636166172), y)), warp(div(scalar(0.6390820168652691), y), sstepp(scalar(-0.806708653191462)), add(y, scalar(-0.6442318307406327))))), _and(neg(y), _if(exp(pow(x, y)), sign(step(scalar(-0.5003307933419445))), neg(exp(scalar(0.3236585515150836)))))), abs(xor(sqrt(sign(sqrt(x))), _and(mdist(min(y, scalar(-0.123854383566262, -0.8237365582484517, -0.28911671050967547)), sqrt(scalar(-0.8585578004709593))), len(cos(scalar(0.011771680532794093, 0.3968913011400621, 0.5260618511895729)), x)))))))"
10,gen_00008_indiv_00010,5.461370613949839,8,136,"cos(sub(sstepp(log(mult(sstep(x), mdist(mdist(x, y), scalar(-0.1780816454360239))))), clip(sstep(mult(len(cos(x), step(y)), mdist(mdist(x, y), sqrt(scalar(-0.4768992246590582))))), clip(clip(xor(mult(_or(scalar(-0.77848969786447), y), pow(scalar(-0.3398587584055168, -0.9279810897696437, 0.5415742054172201), scalar(0.2763369282380006, -0.29868870926919877, -0.7932812824492657))), pow(tan(x), sstepp(scalar(-0.39745832928142955)))), sub(min(max(scalar(-0.038949413162009394), x), neg(y)), lerp(sstepp(y), exp(scalar(0.416706532010092)), clip(scalar(-0.5113022974127572, -0.5993446222087069, -0.16767241994890614), scalar(0.8050516580155938, -0.9200987585050651, -0.08344139601673528), y))), lerp(_or(lerp(x, x, scalar(0.9302118885204473, -0.18020556563435086, 0.7692458795661095)), mdist(scalar(-0.8925150475438546), scalar(-0.979017455222799, 0.24193262282713657, -0.8905676791990698))), add(add(scalar(-0.43660612879688143), scalar(-0.20434389039403134)), step(scalar(-0.8129418380908067, -0.7442426669256046, 0.9370736201680914))), len(x, scalar(0.9807570151671052)))), pow(sin(tan(max(scalar(0.48987882494320556), scalar(-0.7977548043072902)))), max(lerp(frac(scalar(0.7453978140441169, 0.4233213873340733, 0.26841689790020307)), xor(x, x), _if(scalar(0.32839065263947886), scalar(0.5383047636166172), y)), warp(step(y), sstepp(scalar(-0.806708653191462)), add(y, scalar(-0.6442318307406327))))), _and(log(div(sign(y), sub(x, scalar(-0.2941559256515165, -0.0170577563498453, 0.837531933248735)))), _if(add(scalar(-0.43660612879688143), scalar(-0.20434389039403134)), log(scalar(0.87313119706142)), neg(exp(scalar(0.3236585515150836)))))), abs(xor(sqrt(sign(sqrt(x))), _and(mdist(min(y, scalar(-0.123854383566262, -0.8237365582484517, -0.28911671050967547)), cos(x)), len(cos(scalar(0.011771680532794093, 0.3968913011400621, 0.5260618511895729)), pow(x, scalar(0.4207791106774501)))))))))"
11,gen_00008_indiv_00011,6.431438142876377,10,141,"cos(sub(sstepp(log(abs(sin(x)))), clip(sstep(mult(len(cos(x), step(y)), mdist(mdist(x, y), _or(exp(scalar(-0.4268797823071977)), log(scalar(0.87313119706142)))))), clip(clip(xor(mult(_or(scalar(-0.77848969786447), y), log(scalar(0.87313119706142))), pow(tan(x), sstepp(scalar(-0.39745832928142955)))), sub(min(max(scalar(-0.038949413162009394), x), neg(y)), lerp(sstepp(y), exp(scalar(0.416706532010092)), xor(mult(scalar(0.2125451383773731), scalar(0.7891159285149207)), y))), lerp(_or(lerp(x, x, scalar(0.9302118885204473, -0.18020556563435086, 0.7692458795661095)), mdist(scalar(-0.8925150475438546), scalar(-0.979017455222799, 0.24193262282713657, -0.8905676791990698))), add(add(scalar(-0.43660612879688143), scalar(-0.20434389039403134)), step(scalar(-0.8129418380908067, -0.7442426669256046, 0.9370736201680914))), sstepp(add(x, y)))), pow(sin(tan(log(div(sign(y), sub(x, scalar(-0.2941559256515165, -0.0170577563498453, 0.837531933248735)))))), max(lerp(frac(scalar(0.7453978140441169, 0.4233213873340733, 0.26841689790020307)), xor(x, x), _if(scalar(0.32839065263947886), scalar(0.5383047636166172), y)), warp(step(y), sstepp(scalar(-0.806708653191462)), add(y, scalar(-0.6442318307406327))))), _and(log(div(sign(y), sub(x, scalar(-0.2941559256515165, -0.0170577563498453, 0.837531933248735)))), _if(exp(pow(x, y)), sign(step(scalar(-0.5003307933419445))), neg(exp(scalar(0.3236585515150836)))))), abs(xor(sqrt(sign(sqrt(x))), _and(mdist(min(y, scalar(-0.123854383566262, -0.8237365582484517, -0.28911671050967547)), sqrt(scalar(-0.8585578004709593))), len(cos(scalar(0.011771680532794093, 0.3968913011400621, 0.5260618511895729)), pow(x, scalar(0.4207791106774501)))))))))"
12,gen_00008_indiv_00012,6.448919279914023,9,90,"cos(sub(sstepp(log(abs(_or(x, x)))), clip(sstep(mult(sqrt(xor(mult(scalar(0.2125451383773731), scalar(0.7891159285149207)), clip(x, scalar(0.5982908220024605), x))), pow(_or(exp(scalar(-0.4268797823071977)), log(scalar(0.87313119706142))), warp(add(scalar(0.17444282915009834), y), lerp(scalar(-0.5963966256829478), scalar(0.8328822112183407), scalar(0.914211701800953)), mult(x, x))))), clip(sqrt(scalar(-0.8585578004709593)), pow(sin(tan(max(scalar(0.48987882494320556), scalar(-0.7977548043072902)))), max(scalar(0.4207791106774501), warp(div(scalar(0.6390820168652691), y), add(scalar(-0.43660612879688143), scalar(-0.20434389039403134)), add(y, scalar(-0.6442318307406327))))), pow(abs(pow(frac(y), sstep(scalar(-0.7070777476597554)))), step(lerp(cos(x), neg(y), mod(abs(x), sqrt(scalar(-0.9289230942995552, -0.416176666890973, -0.4555496199961797))))))), abs(xor(min(max(scalar(-0.038949413162009394), x), neg(y)), len(cos(scalar(0.011771680532794093, 0.3968913011400621, 0.5260618511895729)), pow(x, scalar(0.4207791106774501))))))))"
13,gen_00008_indiv_00013,6.67747944797694,9,137,"cos(sub(sstepp(log(abs(sin(x)))), clip(sstep(mult(len(cos(x), step(y)), mdist(mdist(x, y), _or(exp(scalar(-0.4268797823071977)), log(scalar(0.87313119706142)))))), clip(clip(xor(mult(_or(scalar(-0.77848969786447), y), log(scalar(0.87313119706142))), pow(tan(x), sstepp(scalar(-0.39745832928142955)))), sub(min(max(scalar(-0.038949413162009394), x), neg(y)), lerp(sstepp(y), exp(scalar(0.416706532010092)), xor(mult(scalar(0.2125451383773731), scalar(0.7891159285149207)), y))), lerp(_or(lerp(x, x, scalar(0.9302118885204473, -0.18020556563435086, 0.7692458795661095)), _or(scalar(-0.77848969786447), y)), add(add(scalar(-0.43660612879688143), scalar(-0.20434389039403134)), step(scalar(-0.8129418380908067, -0.7442426669256046, 0.9370736201680914))), sstepp(add(x, y)))), pow(sin(tan(max(scalar(0.48987882494320556), y))), max(lerp(frac(scalar(0.7453978140441169, 0.4233213873340733, 0.26841689790020307)), xor(x, x), _if(scalar(0.32839065263947886), scalar(0.5383047636166172), y)), warp(step(y), sstepp(scalar(-0.806708653191462)), add(y, scalar(-0.6442318307406327))))), _and(log(div(sign(y), sub(x, scalar(-0.2941559256515165, -0.0170577563498453, 0.837531933248735)))), _if(exp(pow(x, y)), sign(step(scalar(-0.5003307933419445))), neg(exp(scalar(0.3236585515150836)))))), abs(xor(sqrt(sign(sqrt(x))), _and(mdist(min(y, scalar(-0.123854383566262, -0.8237365582484517, -0.28911671050967547)), sqrt(scalar(-0.8585578004709593))), len(cos(scalar(0.011771680532794093, 0.3968913011400621, 0.5260618511895729)), pow(x, scalar(0.4207791106774501)))))))))"
14,gen_00008_indiv_00014,6.292142051812107,9,145,"cos(sub(sstepp(log(abs(_or(x, x)))), clip(sstep(mult(sqrt(xor(mult(scalar(0.2125451383773731), scalar(0.7891159285149207)), y)), pow(_or(exp(scalar(-0.4268797823071977)), log(scalar(0.87313119706142))), warp(step(max(scalar(0.48987882494320556), scalar(-0.7977548043072902))), lerp(scalar(-0.5963966256829478), scalar(0.8328822112183407), scalar(0.914211701800953)), mult(x, x))))), clip(clip(xor(mult(_or(scalar(-0.77848969786447), y), pow(scalar(-0.3398587584055168, -0.9279810897696437, 0.5415742054172201), scalar(0.2763369282380006, -0.29868870926919877, -0.7932812824492657))), pow(tan(x), sstepp(scalar(-0.39745832928142955)))), sub(_or(scalar(-0.77848969786447), y), lerp(sstepp(y), exp(scalar(0.416706532010092)), clip(scalar(-0.5113022974127572, -0.5993446222087069, -0.16767241994890614), scalar(0.8050516580155938, -0.9200987585050651, -0.08344139601673528), y))), lerp(_or(lerp(x, x, scalar(0.9302118885204473, -0.18020556563435086, 0.7692458795661095)), mdist(scalar(-0.8925150475438546), scalar(-0.979017455222799, 0.24193262282713657, -0.8905676791990698))), add(add(scalar(-0.43660612879688143), scalar(-0.20434389039403134)), step(scalar(-0.8129418380908067, -0.7442426669256046, 0.9370736201680914))), sstepp(add(x, y)))), pow(sin(tan(max(scalar(0.48987882494320556), scalar(-0.7977548043072902)))), max(warp(add(scalar(0.17444282915009834), y), lerp(scalar(-0.5963966256829478), scalar(0.8328822112183407), scalar(0.914211701800953)), mult(x, x)), warp(div(scalar(0.6390820168652691), y), sstepp(scalar(-0.806708653191462)), add(y, scalar(-0.6442318307406327))))), _and(log(div(sign(y), sub(x, scalar(-0.2941559256515165, -0.0170577563498453, 0.837531933248735)))), _if(exp(pow(x, y)), sign(step(scalar(-0.5003307933419445))), neg(exp(scalar(0.3236585515150836)))))), abs(xor(sqrt(sign(sqrt(x))), _and(mdist(min(y, scalar(-0.123854383566262, -0.8237365582484517, -0.28911671050967547)), sqrt(scalar(-0.8585578004709593))), len(cos(scalar(0.011771680532794093, 0.3968913011400621, 0.5260618511895729)), x)))))))"
15,gen_00008_indiv_00015,6.186037404129934,8,135,"cos(sub(sstepp(log(mult(sstep(x), mdist(mdist(x, y), scalar(-0.1780816454360239))))), clip(sstep(mult(len(cos(x), step(y)), sqrt(x))), clip(clip(xor(mult(_or(scalar(-0.77848969786447), y), pow(scalar(-0.3398587584055168, -0.9279810897696437, 0.5415742054172201), scalar(0.2763369282380006, -0.29868870926919877, -0.7932812824492657))), pow(tan(x), sstepp(scalar(-0.39745832928142955)))), sub(min(max(scalar(-0.038949413162009394), x), neg(y)), lerp(sstepp(y), exp(scalar(0.416706532010092)), clip(scalar(-0.5113022974127572, -0.5993446222087069, -0.16767241994890614), scalar(0.8050516580155938, -0.9200987585050651, -0.08344139601673528), y))), lerp(_or(lerp(x, x, scalar(0.9302118885204473, -0.18020556563435086, 0.7692458795661095)), mdist(scalar(-0.8925150475438546), scalar(-0.979017455222799, 0.24193262282713657, -0.8905676791990698))), add(add(scalar(-0.43660612879688143), scalar(-0.20434389039403134)), step(scalar(-0.8129418380908067, -0.7442426669256046, 0.9370736201680914))), len(x, scalar(0.9807570151671052)))), pow(sin(tan(max(scalar(0.48987882494320556), scalar(-0.7977548043072902)))), max(lerp(pow(x, y), xor(x, x), _if(scalar(0.32839065263947886), scalar(0.5383047636166172), y)), warp(step(y), sstepp(scalar(-0.806708653191462)), add(y, scalar(-0.6442318307406327))))), _and(log(div(sign(y), sub(x, scalar(-0.2941559256515165, -0.0170577563498453, 0.837531933248735)))), _if(exp(pow(x, y)), sign(step(scalar(-0.5003307933419445))), neg(exp(scalar(0.3236585515150836)))))), abs(xor(sqrt(sign(sqrt(x))), _and(mdist(min(y, scalar(-0.123854383566262, -0.8237365582484517, -0.28911671050967547)), cos(x)), len(cos(scalar(0.011771680532794093, 0.3968913011400621, 0.5260618511895729)), pow(x, scalar(0.4207791106774501)))))))))"
16,gen_00008_indiv_00016,3.7178873500110967,8,64,"min(_or(sign(clip(sqrt(lerp(lerp(y, scalar(0.355425402485841), scalar(0.09109838833621442)), mult(scalar(0.6179107559704677, 0.11734183276222088, -0.2191245539964204), scalar(0.5447742356339658)), sin(x))), scalar(0.3611229109685967), pow(mult(x, y), pow(clip(y, scalar(0.6214182041131131, 0.012213943471488298, -0.9654832455463729), scalar(0.6454589671050168)), max(x, x))))), exp(sstep(mult(sqrt(xor(mult(scalar(0.2125451383773731), scalar(0.7891159285149207)), clip(x, scalar(0.5982908220024605), x))), pow(_or(exp(scalar(-0.4268797823071977)), log(scalar(0.87313119706142))), warp(pow(scalar(-0.3398587584055168, -0.9279810897696437, 0.5415742054172201), scalar(0.2763369282380006, -0.29868870926919877, -0.7932812824492657)), lerp(scalar(-0.5963966256829478), scalar(0.8328822112183407), scalar(0.914211701800953)), mult(x, x))))))), sstep(mdist(min(y, scalar(-0.123854383566262, -0.8237365582484517, -0.28911671050967547)), sqrt(scalar(-0.8585578004709593)))))"
17,gen_00008_indiv_00017,6.3448931066672145,9,77,"cos(sub(sstepp(log(abs(_or(x, x)))), clip(sstep(frac(mult(scalar(0.2125451383773731), scalar(0.7891159285149207)))), clip(sqrt(scalar(-0.8585578004709593)), pow(sin(tan(max(scalar(0.48987882494320556), scalar(-0.7977548043072902)))), max(lerp(frac(scalar(0.7453978140441169, 0.4233213873340733, 0.26841689790020307)), xor(x, x), _if(scalar(0.32839065263947886), scalar(0.5383047636166172), y)), warp(div(scalar(0.6390820168652691), y), sstepp(scalar(-0.806708653191462)), add(y, scalar(-0.6442318307406327))))), pow(abs(pow(frac(y), sstep(scalar(-0.7070777476597554)))), step(lerp(cos(x), neg(y), mod(abs(x), sqrt(scalar(-0.9289230942995552, -0.416176666890973, -0.4555496199961797))))))), abs(xor(sqrt(sign(sqrt(x))), _and(_or(scalar(-0.77848969786447), y), len(cos(scalar(0.011771680532794093, 0.3968913011400621, 0.5260618511895729)), pow(x, scalar(0.4207791106774501)))))))))"
18,gen_00008_indiv_00018,6.698446805393289,10,143,"cos(sub(sstepp(log(y)), clip(sstep(mult(sqrt(xor(mult(scalar(0.2125451383773731), scalar(0.7891159285149207)), y)), pow(_or(sqrt(xor(mult(scalar(0.2125451383773731), scalar(0.7891159285149207)), clip(x, scalar(0.5982908220024605), x))), log(scalar(0.87313119706142))), warp(add(scalar(0.17444282915009834), y), lerp(scalar(-0.5963966256829478), scalar(0.8328822112183407), scalar(0.914211701800953)), mult(x, x))))), clip(clip(xor(mult(_or(scalar(-0.77848969786447), y), pow(scalar(-0.3398587584055168, -0.9279810897696437, 0.5415742054172201), scalar(0.2763369282380006, -0.29868870926919877, -0.7932812824492657))), pow(tan(x), sstepp(scalar(-0.39745832928142955)))), sub(y, lerp(sstepp(y), exp(scalar(0.416706532010092)), clip(scalar(-0.5113022974127572, -0.5993446222087069, -0.16767241994890614), scalar(0.8050516580155938, -0.9200987585050651, -0.08344139601673528), y))), lerp(_or(lerp(x, x, scalar(0.9302118885204473, -0.18020556563435086, 0.7692458795661095)), mdist(scalar(-0.8925150475438546), scalar(-0.979017455222799, 0.24193262282713657, -0.8905676791990698))), add(add(scalar(-0.43660612879688143), scalar(-0.20434389039403134)), step(scalar(-0.8129418380908067, -0.7442426669256046, 0.9370736201680914))), sstepp(add(x, y)))), pow(sin(tan(max(scalar(0.48987882494320556), scalar(-0.7977548043072902)))), max(lerp(frac(scalar(0.7453978140441169, 0.4233213873340733, 0.26841689790020307)), step(y), cos(x)), warp(div(scalar(0.6390820168652691), y), x, add(y, scalar(-0.6442318307406327))))), _and(log(div(sign(y), sub(x, scalar(-0.2941559256515165, -0.0170577563498453, 0.837531933248735)))), _if(exp(pow(x, y)), sign(step(scalar(-0.5003307933419445))), neg(exp(scalar(0.3236585515150836)))))), abs(xor(sqrt(sign(sqrt(x))), _and(mdist(min(y, scalar(-0.123854383566262, -0.8237365582484517, -0.28911671050967547)), sqrt(scalar(-0.8585578004709593))), len(cos(scalar(0.011771680532794093, 0.3968913011400621, 0.5260618511895729)), pow(x, scalar(0.4207791106774501)))))))))"
19,gen_00008_indiv_00019,6.151148135561698,9,117,"cos(sub(sstepp(log(abs(sin(x)))), clip(sstep(xor(mult(_or(scalar(-0.77848969786447), y), log(scalar(0.87313119706142))), pow(tan(x), sstepp(scalar(-0.39745832928142955))))), clip(clip(xor(mult(_or(scalar(-0.77848969786447), y), log(scalar(0.87313119706142))), pow(tan(x), sstepp(scalar(-0.39745832928142955)))), sub(min(max(scalar(-0.038949413162009394), x), neg(y)), lerp(sstepp(y), exp(scalar(0.416706532010092)), xor(mult(scalar(0.2125451383773731), scalar(0.7891159285149207)), y))), lerp(_or(lerp(x, x, scalar(0.9302118885204473, -0.18020556563435086, 0.7692458795661095)), mdist(scalar(-0.8925150475438546), scalar(-0.979017455222799, 0.24193262282713657, -0.8905676791990698))), add(add(scalar(-0.43660612879688143), scalar(-0.20434389039403134)), step(scalar(-0.8129418380908067, -0.7442426669256046, 0.9370736201680914))), sstepp(add(x, y)))), pow(sin(tan(max(scalar(0.48987882494320556), y))), sstep(x)), _and(log(div(sign(y), sub(x, scalar(-0.2941559256515165, -0.0170577563498453, 0.837531933248735)))), _if(exp(pow(x, y)), sign(step(scalar(-0.5003307933419445))), neg(exp(scalar(0.3236585515150836)))))), abs(xor(sqrt(sign(sqrt(x))), _and(mdist(min(y, scalar(-0.123854383566262, -0.8237365582484517, -0.28911671050967547)), sqrt(scalar(-0.8585578004709593))), len(cos(scalar(0.011771680532794093, 0.3968913011400621, 0.5260618511895729)), pow(x, scalar(0.4207791106774501)))))))))"
20,gen_00008_indiv_00020,6.503728457210183,10,133,"cos(sub(sstepp(log(abs(sin(x)))), clip(sstep(mult(len(cos(x), step(y)), mdist(mdist(x, y), sqrt(scalar(-0.4768992246590582))))), clip(clip(xor(mult(_or(scalar(-0.77848969786447), y), log(scalar(0.87313119706142))), pow(tan(x), sstepp(scalar(-0.39745832928142955)))), sub(min(max(scalar(-0.038949413162009394), x), neg(y)), lerp(sstepp(y), exp(scalar(0.416706532010092)), xor(mult(scalar(0.2125451383773731), scalar(0.7891159285149207)), y))), lerp(_or(lerp(x, x, scalar(0.9302118885204473, -0.18020556563435086, 0.7692458795661095)), mdist(scalar(-0.8925150475438546), scalar(-0.979017455222799, 0.24193262282713657, -0.8905676791990698))), add(add(scalar(-0.43660612879688143), scalar(-0.20434389039403134)), step(scalar(-0.8129418380908067, -0.7442426669256046, 0.9370736201680914))), sstepp(add(x, y)))), pow(sin(tan(max(scalar(0.48987882494320556), y))), sstep(x)), _and(log(div(sign(y), lerp(_or(lerp(x, x, scalar(0.9302118885204473, -0.18020556563435086, 0.7692458795661095)), mdist(scalar(-0.8925150475438546), scalar(-0.979017455222799, 0.24193262282713657, -0.8905676791990698))), add(add(scalar(-0.43660612879688143), scalar(-0.20434389039403134)), step(scalar(-0.8129418380908067, -0.7442426669256046, 0.9370736201680914))), sstepp(add(x, y))))), _if(exp(pow(x, y)), sign(step(scalar(-0.5003307933419445))), neg(exp(scalar(0.3236585515150836)))))), abs(xor(sqrt(sign(sqrt(x))), _and(mdist(min(y, scalar(-0.123854383566262, -0.8237365582484517, -0.28911671050967547)), sqrt(scalar(-0.8585578004709593))), len(cos(scalar(0.011771680532794093, 0.3968913011400621, 0.5260618511895729)), pow(x, scalar(0.4207791106774501)))))))))"
21,gen_00008_indiv_00021,6.571043000153946,10,134,"cos(sub(sstepp(log(abs(_or(x, x)))), clip(sstep(mult(x, x)), clip(clip(xor(mult(_or(scalar(-0.77848969786447), y), pow(scalar(-0.3398587584055168, -0.9279810897696437, 0.5415742054172201), scalar(0.2763369282380006, -0.29868870926919877, -0.7932812824492657))), pow(tan(x), sstepp(scalar(-0.39745832928142955)))), sub(min(max(scalar(-0.038949413162009394), x), neg(y)), lerp(sstepp(y), exp(scalar(0.416706532010092)), clip(scalar(-0.5113022974127572, -0.5993446222087069, -0.16767241994890614), scalar(0.8050516580155938, -0.9200987585050651, -0.08344139601673528), y))), lerp(_or(lerp(x, x, scalar(0.9302118885204473, -0.18020556563435086, 0.7692458795661095)), len(lerp(scalar(-0.44453132528350836), scalar(-0.27644071145003757), scalar(-0.1803321927943793)), scalar(-0.18265093714201552))), add(add(scalar(-0.43660612879688143), scalar(-0.20434389039403134)), step(scalar(-0.8129418380908067, -0.7442426669256046, 0.9370736201680914))), sstepp(sqrt(_if(max(scalar(-0.4451519853485557), scalar(0.025642056853943718)), neg(scalar(-0.3145391303626357)), y))))), pow(sin(tan(max(scalar(0.48987882494320556), scalar(-0.7977548043072902)))), max(lerp(frac(scalar(0.7453978140441169, 0.4233213873340733, 0.26841689790020307)), xor(x, x), _if(scalar(0.32839065263947886), scalar(0.5383047636166172), y)), warp(div(scalar(0.6390820168652691), y), sign(scalar(-0.43414244573591443)), add(y, scalar(-0.6442318307406327))))), pow(abs(pow(frac(y), sstep(scalar(-0.7070777476597554)))), step(max(scalar(0.48987882494320556), scalar(-0.7977548043072902))))), abs(xor(sqrt(sign(sqrt(x))), _and(_and(mdist(min(y, scalar(-0.123854383566262, -0.8237365582484517, -0.28911671050967547)), sqrt(scalar(-0.8585578004709593))), len(cos(scalar(0.011771680532794093, 0.3968913011400621, 0.5260618511895729)), pow(x, scalar(0.4207791106774501)))), len(cos(scalar(0.011771680532794093, 0.3968913011400621, 0.5260618511895729)), pow(x, scalar(0.4207791106774501)))))))))"
22,gen_00008_indiv_00022,5.629837903819862,5,7,"cos(sstepp(log(abs(_or(x, x)))))"
23,gen_00008_indiv_00023,6.641394214018599,9,89,"cos(sub(sstepp(log(abs(_or(x, x)))), clip(sstep(mult(sqrt(xor(mult(scalar(0.2125451383773731), scalar(0.7891159285149207)), clip(x, scalar(0.5982908220024605), x))), pow(_or(exp(scalar(-0.4268797823071977)), log(scalar(0.87313119706142))), warp(add(scalar(0.17444282915009834), y), lerp(scalar(-0.5963966256829478), scalar(0.8328822112183407), scalar(0.914211701800953)), mult(x, x))))), clip(sqrt(scalar(-0.8585578004709593)), pow(sin(tan(max(scalar(0.48987882494320556), scalar(-0.7977548043072902)))), max(scalar(0.4207791106774501), warp(div(scalar(0.6390820168652691), y), add(scalar(-0.43660612879688143), scalar(-0.20434389039403134)), add(y, scalar(-0.6442318307406327))))), pow(abs(pow(frac(y), sstep(scalar(-0.7070777476597554)))), step(lerp(cos(x), neg(y), mod(abs(x), sqrt(scalar(-0.9289230942995552, -0.416176666890973, -0.4555496199961797))))))), abs(xor(sqrt(sign(sign(sqrt(x)))), len(cos(scalar(0.011771680532794093, 0.3968913011400621, 0.5260618511895729)), pow(x, scalar(0.4207791106774501))))))))"
24,gen_00008_indiv_00024,6.176540534467563,8,130,"cos(sub(sstepp(log(abs(x))), clip(sstep(lerp(sstepp(y), exp(scalar(0.416706532010092)), xor(mult(scalar(0.2125451383773731), scalar(0.7891159285149207)), y))), clip(clip(xor(mult(_or(scalar(-0.77848969786447), y), pow(scalar(-0.3398587584055168, -0.9279810897696437, 0.5415742054172201), scalar(0.2763369282380006, -0.29868870926919877, -0.7932812824492657))), pow(tan(x), sstepp(scalar(-0.39745832928142955)))), sub(min(max(scalar(-0.038949413162009394), x), neg(y)), lerp(sstepp(y), exp(scalar(0.416706532010092)), clip(scalar(-0.5113022974127572, -0.5993446222087069, -0.16767241994890614), scalar(0.8050516580155938, -0.9200987585050651, -0.08344139601673528), y))), lerp(_or(lerp(x, x, scalar(0.9302118885204473, -0.18020556563435086, 0.7692458795661095)), mdist(scalar(-0.8925150475438546), scalar(-0.979017455222799, 0.24193262282713657, -0.8905676791990698))), add(add(scalar(-0.43660612879688143), scalar(-0.20434389039403134)), step(scalar(-0.8129418380908067, -0.7442426669256046, 0.9370736201680914))), sstepp(exp(scalar(-0.4268797823071977))))), pow(sin(tan(max(scalar(0.48987882494320556), y))), max(lerp(frac(scalar(0.7453978140441169, 0.4233213873340733, 0.26841689790020307)), xor(x, x), _if(scalar(0.32839065263947886), scalar(0.5383047636166172), y)), warp(step(y), sstepp(scalar(-0.806708653191462)), add(y, scalar(-0.6442318307406327))))), _and(log(div(sign(y), sub(x, scalar(-0.2941559256515165, -0.0170577563498453, 0.837531933248735)))), _if(exp(pow(x, y)), sign(step(scalar(-0.5003307933419445))), neg(exp(scalar(0.3236585515150836)))))), abs(xor(sqrt(sign(sqrt(x))), _and(mdist(min(y, scalar(-0.123854383566262, -0.8237365582484517, -0.28911671050967547)), sqrt(scalar(-0.8585578004709593))), len(cos(scalar(0.011771680532794093, 0.3968913011400621, 0.5260618511895729)), pow(x, scalar(0.4207791106774501)))))))))"
25,gen_00008_indiv_00025,6.707371637787003,9,142,"cos(sub(sstepp(log(y)), clip(sstep(mult(sqrt(xor(mult(scalar(0.2125451383773731), scalar(0.7891159285149207)), y)), pow(_or(mult(_or(scalar(-0.77848969786447), y), pow(scalar(-0.3398587584055168, -0.9279810897696437, 0.5415742054172201), scalar(0.2763369282380006, -0.29868870926919877, -0.7932812824492657))), log(scalar(0.87313119706142))), warp(add(scalar(0.17444282915009834), y), lerp(scalar(-0.5963966256829478), scalar(0.8328822112183407), scalar(0.914211701800953)), mult(x, x))))), clip(clip(xor(mult(_or(scalar(-0.77848969786447), y), pow(scalar(-0.3398587584055168, -0.9279810897696437, 0.5415742054172201), scalar(0.2763369282380006, -0.29868870926919877, -0.7932812824492657))), pow(tan(x), sstepp(scalar(-0.39745832928142955)))), sub(y, lerp(sstepp(y), exp(scalar(0.416706532010092)), clip(scalar(-0.5113022974127572, -0.5993446222087069, -0.16767241994890614), scalar(0.8050516580155938, -0.9200987585050651, -0.08344139601673528), y))), lerp(_or(lerp(x, x, scalar(0.9302118885204473, -0.18020556563435086, 0.7692458795661095)), mdist(scalar(-0.8925150475438546), scalar(-0.979017455222799, 0.24193262282713657, -0.8905676791990698))), add(add(scalar(-0.43660612879688143), scalar(-0.20434389039403134)), step(scalar(-0.8129418380908067, -0.7442426669256046, 0.9370736201680914))), sstepp(add(x, y)))), pow(sin(tan(max(scalar(0.48987882494320556), scalar(-0.7977548043072902)))), max(lerp(frac(scalar(0.7453978140441169, 0.4233213873340733, 0.26841689790020307)), step(y), _if(scalar(0.32839065263947886), scalar(0.5383047636166172), y)), warp(div(scalar(0.6390820168652691), y), x, add(y, scalar(-0.6442318307406327))))), _and(log(div(sign(y), sub(x, scalar(-0.2941559256515165, -0.0170577563498453, 0.837531933248735)))), _if(exp(pow(x, y)), sign(step(scalar(-0.5003307933419445))), neg(exp(scalar(0.3236585515150836)))))), abs(xor(sqrt(sstepp(scalar(-0.806708653191462))), _and(mdist(min(y, scalar(-0.123854383566262, -0.8237365582484517, -0.28911671050967547)), sqrt(scalar(-0.8585578004709593))), len(cos(scalar(0.011771680532794093, 0.3968913011400621, 0.5260618511895729)), pow(x, scalar(0.4207791106774501)))))))))"
26,gen_00008_indiv_00026,6.47321942211957,10,127,"cos(sub(sstepp(log(abs(_or(x, x)))), clip(sub(x, scalar(-0.2941559256515165, -0.0170577563498453, 0.837531933248735)), clip(clip(xor(mult(_or(scalar(-0.77848969786447), y), pow(scalar(-0.3398587584055168, -0.9279810897696437, 0.5415742054172201), scalar(0.2763369282380006, -0.29868870926919877, -0.7932812824492657))), pow(tan(x), sstepp(scalar(-0.39745832928142955)))), sub(min(max(scalar(-0.038949413162009394), x), neg(y)), lerp(sstepp(y), exp(scalar(0.416706532010092)), clip(scalar(-0.5113022974127572, -0.5993446222087069, -0.16767241994890614), scalar(0.8050516580155938, -0.9200987585050651, -0.08344139601673528), y))), lerp(_or(lerp(x, x, scalar(0.9302118885204473, -0.18020556563435086, 0.7692458795661095)), len(lerp(scalar(-0.44453132528350836), scalar(-0.27644071145003757), scalar(-0.1803321927943793)), scalar(-0.18265093714201552))), add(add(scalar(-0.43660612879688143), scalar(-0.20434389039403134)), step(scalar(-0.8129418380908067, -0.7442426669256046, 0.9370736201680914))), exp(scalar(0.416706532010092)))), pow(sin(tan(max(scalar(0.48987882494320556), scalar(-0.7977548043072902)))), max(lerp(frac(scalar(0.7453978140441169, 0.4233213873340733, 0.26841689790020307)), xor(x, x), _if(scalar(0.32839065263947886), scalar(0.5383047636166172), y)), warp(div(scalar(0.6390820168652691), y), sstepp(scalar(-0.806708653191462)), add(y, scalar(-0.6442318307406327))))), pow(abs(pow(frac(y), scalar(0.2763369282380006, -0.29868870926919877, -0.7932812824492657))), step(lerp(cos(x), neg(y), mod(abs(pow(scalar(0.8309248124232782), scalar(0.8517468379025808))), sqrt(scalar(-0.9289230942995552, -0.416176666890973, -0.4555496199961797))))))), abs(xor(sqrt(sign(sqrt(x))), _and(mdist(min(y, scalar(-0.123854383566262, -0.8237365582484517, -0.28911671050967547)), sqrt(scalar(-0.8585578004709593))), len(cos(scalar(0.011771680532794093, 0.3968913011400621, 0.5260618511895729)), pow(x, scalar(0.4207791106774501)))))))))"
27,gen_00008_indiv_00027,6.698611670092117,10,154,"cos(sub(sstepp(log(y)), clip(sstep(mult(sqrt(xor(mult(scalar(0.2125451383773731), scalar(0.7891159285149207)), y)), pow(_or(exp(scalar(-0.4268797823071977)), log(scalar(0.87313119706142))), warp(add(scalar(0.17444282915009834), y), lerp(scalar(-0.5963966256829478), scalar(0.8328822112183407), scalar(0.914211701800953)), mult(x, x))))), clip(clip(xor(mult(_or(scalar(-0.77848969786447), y), pow(scalar(-0.3398587584055168, -0.9279810897696437, 0.5415742054172201), scalar(0.2763369282380006, -0.29868870926919877, -0.7932812824492657))), pow(tan(x), sstepp(scalar(-0.39745832928142955)))), sub(y, lerp(mult(x, y), exp(scalar(0.416706532010092)), clip(scalar(-0.5113022974127572, -0.5993446222087069, -0.16767241994890614), scalar(0.8050516580155938, -0.9200987585050651, -0.08344139601673528), y))), lerp(_or(lerp(x, x, scalar(0.9302118885204473, -0.18020556563435086, 0.7692458795661095)), lerp(_or(lerp(x, x, scalar(0.9302118885204473, -0.18020556563435086, 0.7692458795661095)), mdist(scalar(-0.8925150475438546), scalar(-0.979017455222799, 0.24193262282713657, -0.8905676791990698))), add(add(scalar(-0.43660612879688143), scalar(-0.20434389039403134)), step(scalar(-0.8129418380908067, -0.7442426669256046, 0.9370736201680914))), sstepp(exp(scalar(-0.4268797823071977))))), add(add(scalar(-0.43660612879688143), scalar(-0.20434389039403134)), step(scalar(-0.8129418380908067, -0.7442426669256046, 0.9370736201680914))), sstepp(add(x, y)))), pow(sin(tan(max(scalar(0.48987882494320556), scalar(-0.7977548043072902)))), max(lerp(frac(scalar(0.7453978140441169, 0.4233213873340733, 0.26841689790020307)), step(y), _if(scalar(0.32839065263947886), scalar(0.5383047636166172), y)), warp(div(scalar(0.6390820168652691), y), x, add(y, scalar(-0.6442318307406327))))), _and(log(div(sign(y), sub(x, scalar(-0.2941559256515165, -0.0170577563498453, 0.837531933248735)))), _if(exp(pow(x, y)), sign(step(scalar(-0.5003307933419445))), neg(exp(scalar(0.3236585515150836)))))), abs(xor(sqrt(sign(sqrt(x))), _and(mdist(min(y, scalar(-0.123854383566262, -0.8237365582484517, -0.28911671050967547)), sqrt(scalar(-0.8585578004709593))), len(cos(scalar(0.011771680532794093, 0.3968913011400621, 0.5260618511895729)), pow(x, scalar(0.4207791106774501)))))))))"
28,gen_00008_indiv_00028,6.518737189570737,9,145,"cos(sub(sstepp(log(y)), clip(sstep(mult(sqrt(xor(mult(scalar(0.2125451383773731), scalar(0.7891159285149207)), y)), pow(_or(mult(_or(scalar(-0.77848969786447), y), pow(scalar(-0.3398587584055168, -0.9279810897696437, 0.5415742054172201), scalar(0.2763369282380006, -0.29868870926919877, -0.7932812824492657))), log(scalar(0.87313119706142))), warp(add(scalar(0.17444282915009834), y), lerp(scalar(-0.5963966256829478), scalar(0.8328822112183407), scalar(0.914211701800953)), mult(x, x))))), clip(clip(xor(mult(_or(scalar(-0.77848969786447), y), pow(scalar(-0.3398587584055168, -0.9279810897696437, 0.5415742054172201), scalar(0.2763369282380006, -0.29868870926919877, -0.7932812824492657))), pow(tan(x), sstepp(scalar(-0.39745832928142955)))), sub(y, lerp(sstepp(y), exp(scalar(0.416706532010092)), clip(scalar(-0.5113022974127572, -0.5993446222087069, -0.16767241994890614), scalar(0.8050516580155938, -0.9200987585050651, -0.08344139601673528), y))), lerp(_or(lerp(x, x, scalar(0.9302118885204473, -0.18020556563435086, 0.7692458795661095)), mdist(scalar(-0.8925150475438546), scalar(-0.979017455222799, 0.24193262282713657, -0.8905676791990698))), add(add(scalar(-0.43660612879688143), scalar(-0.20434389039403134)), step(scalar(-0.8129418380908067, -0.7442426669256046, 0.9370736201680914))), sstepp(add(x, y)))), pow(sin(tan(max(scalar(0.48987882494320556), scalar(-0.7977548043072902)))), max(lerp(frac(scalar(0.7453978140441169, 0.4233213873340733, 0.26841689790020307)), step(y), _if(scalar(0.32839065263947886), scalar(0.5383047636166172), y)), warp(div(scalar(0.6390820168652691), y), x, add(y, scalar(-0.6442318307406327))))), _and(log(div(sign(y), sub(x, scalar(-0.2941559256515165, -0.0170577563498453, 0.837531933248735)))), _if(exp(pow(mod(x, y), y)), sign(step(scalar(-0.5003307933419445))), neg(exp(scalar(0.3236585515150836)))))), abs(xor(sqrt(sign(sqrt(x))), _and(mdist(min(y, scalar(-0.123854383566262, -0.8237365582484517, -0.28911671050967547)), sqrt(scalar(-0.8585578004709593))), len(cos(scalar(0.011771680532794093, 0.3968913011400621, 0.5260618511895729)), pow(x, scalar(0.4207791106774501)))))))))"
29,gen_00008_indiv_00029,6.197263314039958,9,135,"cos(sub(sstepp(log(abs(sin(x)))), clip(sstep(mult(len(cos(x), step(y)), mdist(mdist(x, y), sqrt(scalar(-0.4768992246590582))))), clip(clip(xor(mult(_or(scalar(-0.77848969786447), y), pow(scalar(-0.3398587584055168, -0.9279810897696437, 0.5415742054172201), scalar(0.2763369282380006, -0.29868870926919877, -0.7932812824492657))), pow(tan(x), sstepp(scalar(-0.39745832928142955)))), sub(min(max(scalar(-0.038949413162009394), x), neg(y)), lerp(sstepp(y), exp(scalar(0.416706532010092)), add(y, scalar(-0.6442318307406327)))), lerp(_or(lerp(x, x, scalar(0.9302118885204473, -0.18020556563435086, 0.7692458795661095)), mdist(scalar(-0.8925150475438546), scalar(-0.979017455222799, 0.24193262282713657, -0.8905676791990698))), add(add(scalar(-0.43660612879688143), scalar(-0.20434389039403134)), step(sstepp(scalar(-0.8129418380908067, -0.7442426669256046, 0.9370736201680914)))), len(x, scalar(0.9807570151671052)))), pow(sin(tan(max(scalar(0.48987882494320556), scalar(-0.7977548043072902)))), max(_if(exp(pow(x, y)), sign(step(scalar(-0.5003307933419445))), neg(exp(scalar(0.3236585515150836)))), warp(step(y), sstepp(scalar(-0.806708653191462)), add(y, scalar(-0.6442318307406327))))), _and(log(div(sign(y), sub(x, scalar(-0.2941559256515165, -0.0170577563498453, 0.837531933248735)))), _if(exp(pow(x, y)), sign(step(scalar(-0.5003307933419445))), neg(exp(scalar(0.3236585515150836)))))), abs(xor(sqrt(sign(sqrt(x))), _and(mdist(min(y, scalar(-0.123854383566262, -0.8237365582484517, -0.28911671050967547)), sqrt(scalar(-0.8585578004709593))), len(cos(scalar(0.011771680532794093, 0.3968913011400621, 0.5260618511895729)), lerp(y, scalar(0.355425402485841), scalar(0.09109838833621442)))))))))"
30,gen_00008_indiv_00030,5.709065525186702,7,70,"min(_or(sign(clip(sqrt(lerp(lerp(y, scalar(0.355425402485841), scalar(0.09109838833621442)), mult(scalar(0.6179107559704677, 0.11734183276222088, -0.2191245539964204), scalar(0.5447742356339658)), sin(x))), scalar(0.3611229109685967), pow(mult(x, y), pow(clip(y, scalar(0.6214182041131131, 0.012213943471488298, -0.9654832455463729), scalar(0.6454589671050168)), max(x, x))))), sstep(mult(sqrt(xor(mult(scalar(0.2125451383773731), scalar(0.7891159285149207)), clip(x, scalar(0.5982908220024605), x))), pow(_or(exp(scalar(-0.4268797823071977)), sstepp(y)), warp(add(scalar(0.17444282915009834), y), lerp(scalar(-0.5963966256829478), scalar(0.8328822112183407), scalar(0.914211701800953)), mult(x, x)))))), sstep(cos(mod(_if(sstep(y), sign(scalar(-0.43414244573591443)), max(scalar(-0.038949413162009394), x)), mult(x, y)))))"
31,gen_00008_indiv_00031,6.630151711019935,10,157,"cos(sub(sstepp(log(y)), clip(sstep(mult(sqrt(xor(mult(scalar(0.2125451383773731), scalar(0.7891159285149207)), y)), pow(_or(_and(sqrt(scalar(-0.13471261457161665)), y), sstep(mult(scalar(-0.9885438353101548), scalar(0.12552716196211144, 0.5218884510995563, -0.4922011555789225)))), warp(add(scalar(0.17444282915009834), y), lerp(scalar(-0.5963966256829478), scalar(0.8328822112183407), scalar(0.914211701800953)), mult(x, x))))), clip(clip(xor(mult(_or(scalar(-0.77848969786447), y), pow(scalar(-0.3398587584055168, -0.9279810897696437, 0.5415742054172201), scalar(0.2763369282380006, -0.29868870926919877, -0.7932812824492657))), pow(tan(x), sstepp(scalar(-0.39745832928142955)))), sub(y, lerp(sstepp(y), exp(scalar(0.416706532010092)), clip(scalar(-0.5113022974127572, -0.5993446222087069, -0.16767241994890614), scalar(0.8050516580155938, -0.9200987585050651, -0.08344139601673528), y))), lerp(_or(lerp(x, x, scalar(0.9302118885204473, -0.18020556563435086, 0.7692458795661095)), lerp(_or(lerp(x, x, scalar(0.9302118885204473, -0.18020556563435086, 0.7692458795661095)), mdist(scalar(-0.8925150475438546), scalar(-0.979017455222799, 0.24193262282713657, -0.8905676791990698))), add(add(scalar(-0.43660612879688143), scalar(-0.20434389039403134)), step(scalar(-0.8129418380908067, -0.7442426669256046, 0.9370736201680914))), sstepp(exp(scalar(-0.4268797823071977))))), add(add(scalar(-0.43660612879688143), scalar(-0.20434389039403134)), step(scalar(-0.8129418380908067, -0.7442426669256046, 0.9370736201680914))), sstepp(add(x, y)))), pow(sin(tan(max(scalar(0.48987882494320556), scalar(-0.7977548043072902)))), max(lerp(frac(scalar(0.7453978140441169, 0.4233213873340733, 0.26841689790020307)), step(y), _if(scalar(0.32839065263947886), scalar(0.5383047636166172), y)), warp(div(scalar(0.6390820168652691), y), x, add(y, scalar(-0.6442318307406327))))), _and(log(div(sign(y), sub(x, scalar(-0.2941559256515165, -0.0170577563498453, 0.837531933248735)))), _if(exp(pow(x, y)), sign(step(scalar(-0.5003307933419445))), neg(exp(scalar(0.3236585515150836)))))), abs(xor(sqrt(sign(sqrt(x))), _and(mdist(min(y, scalar(-0.123854383566262, -0.8237365582484517, -0.28911671050967547)), sqrt(scalar(-0.8585578004709593))), len(cos(scalar(0.011771680532794093, 0.3968913011400621, 0.5260618511895729)), pow(x, scalar(0.4207791106774501)))))))))"
32,gen_00008_indiv_00032,6.446385162386475,9,153,"cos(sub(sstepp(log(abs(_or(x, x)))), clip(sstep(mult(sqrt(xor(mult(scalar(0.2125451383773731), scalar(0.7891159285149207)), y)), pow(_or(exp(scalar(-0.4268797823071977)), log(scalar(0.87313119706142))), warp(add(scalar(0.17444282915009834), y), lerp(scalar(-0.5963966256829478), scalar(0.8328822112183407), scalar(0.914211701800953)), mult(x, x))))), clip(clip(xor(mult(_or(scalar(-0.77848969786447), y), pow(scalar(-0.3398587584055168, -0.9279810897696437, 0.5415742054172201), scalar(0.2763369282380006, -0.29868870926919877, -0.7932812824492657))), pow(tan(x), sstepp(scalar(-0.39745832928142955)))), sub(min(max(scalar(-0.038949413162009394), x), neg(y)), lerp(sstepp(y), exp(scalar(0.416706532010092)), clip(scalar(-0.5113022974127572, -0.5993446222087069, -0.16767241994890614), scalar(0.8050516580155938, -0.9200987585050651, -0.08344139601673528), y))), lerp(_or(lerp(x, x, scalar(0.9302118885204473, -0.18020556563435086, 0.7692458795661095)), mdist(scalar(-0.8925150475438546), scalar(-0.979017455222799, 0.24193262282713657, -0.8905676791990698))), add(add(scalar(-0.43660612879688143), scalar(-0.20434389039403134)), step(scalar(-0.8129418380908067, -0.7442426669256046, 0.9370736201680914))), sstepp(add(x, y)))), pow(sin(tan(max(scalar(0.48987882494320556), scalar(-0.7977548043072902)))), max(lerp(frac(scalar(0.7453978140441169, 0.4233213873340733, 0.26841689790020307)), step(y), lerp(sstepp(y), exp(scalar(0.416706532010092)), clip(scalar(-0.5113022974127572, -0.5993446222087069, -0.16767241994890614), scalar(0.8050516580155938, -0.9200987585050651, -0.08344139601673528), y))), warp(div(scalar(0.6390820168652691), y), sstepp(scalar(-0.806708653191462)), add(y, scalar(-0.6442318307406327))))), _and(warp(add(scalar(0.17444282915009834), y), lerp(scalar(-0.5963966256829478), scalar(0.8328822112183407), scalar(0.914211701800953)), mult(x, x)), _if(cos(exp(pow(x, y))), sign(step(scalar(-0.5003307933419445))), neg(exp(scalar(0.3236585515150836)))))), abs(xor(sqrt(sign(sqrt(x))), _and(mdist(scalar(0.48987882494320556), sqrt(scalar(-0.8585578004709593))), len(cos(scalar(0.011771680532794093, 0.3968913011400621, 0.5260618511895729)), x)))))))"
33,gen_00008_indiv_00033,6.571043041364954,9,120,"cos(sub(sstepp(log(abs(_or(x, x)))), clip(sstep(mult(x, x)), clip(clip(xor(mult(_or(scalar(-0.77848969786447), y), pow(scalar(-0.3398587584055168, -0.9279810897696437, 0.5415742054172201), scalar(0.2763369282380006, -0.29868870926919877, -0.7932812824492657))), pow(tan(x), sstepp(scalar(-0.39745832928142955)))), sub(min(max(scalar(-0.038949413162009394), x), neg(y)), lerp(sstepp(y), exp(scalar(0.416706532010092)), clip(scalar(-0.5113022974127572, -0.5993446222087069, -0.16767241994890614), scalar(0.8050516580155938, -0.9200987585050651, -0.08344139601673528), y))), lerp(_or(scalar(-0.44453132528350836), len(lerp(scalar(-0.44453132528350836), scalar(-0.27644071145003757), scalar(-0.1803321927943793)), scalar(-0.18265093714201552))), add(add(scalar(-0.43660612879688143), scalar(-0.20434389039403134)), step(scalar(-0.8129418380908067, -0.7442426669256046, 0.9370736201680914))), len(cos(x), step(y)))), pow(sin(tan(max(scalar(0.48987882494320556), scalar(-0.7977548043072902)))), max(lerp(frac(scalar(0.7453978140441169, 0.4233213873340733, 0.26841689790020307)), xor(x, x), _if(scalar(0.32839065263947886), scalar(0.5383047636166172), y)), warp(div(scalar(0.6390820168652691), y), sign(scalar(-0.43414244573591443)), add(y, scalar(-0.6442318307406327))))), pow(abs(pow(frac(y), sstep(scalar(-0.7070777476597554)))), step(max(scalar(0.48987882494320556), scalar(-0.7977548043072902))))), abs(xor(sqrt(sign(sqrt(x))), _and(mdist(min(y, scalar(-0.123854383566262, -0.8237365582484517, -0.28911671050967547)), sqrt(scalar(-0.8585578004709593))), len(cos(scalar(0.011771680532794093, 0.3968913011400621, 0.5260618511895729)), pow(x, scalar(0.4207791106774501)))))))))"
34,gen_00008_indiv_00034,6.382056356645272,9,125,"cos(sub(sstepp(log(abs(_or(x, x)))), clip(pow(frac(y), sstep(scalar(-0.7070777476597554))), clip(clip(xor(mult(_or(scalar(-0.77848969786447), y), pow(scalar(-0.3398587584055168, -0.9279810897696437, 0.5415742054172201), scalar(0.2763369282380006, -0.29868870926919877, -0.7932812824492657))), pow(tan(x), sstepp(scalar(-0.39745832928142955)))), sub(min(max(scalar(-0.038949413162009394), x), neg(y)), lerp(sstepp(y), exp(scalar(0.416706532010092)), clip(scalar(-0.5113022974127572, -0.5993446222087069, -0.16767241994890614), scalar(0.8050516580155938, -0.9200987585050651, -0.08344139601673528), y))), lerp(_or(lerp(x, x, scalar(0.9302118885204473, -0.18020556563435086, 0.7692458795661095)), len(lerp(scalar(-0.44453132528350836), scalar(-0.27644071145003757), scalar(-0.1803321927943793)), scalar(-0.18265093714201552))), add(add(scalar(-0.43660612879688143), scalar(-0.20434389039403134)), step(scalar(-0.8129418380908067, -0.7442426669256046, 0.9370736201680914))), sstepp(add(x, y)))), pow(sin(tan(max(scalar(0.48987882494320556), scalar(-0.7977548043072902)))), max(lerp(frac(scalar(0.7453978140441169, 0.4233213873340733, 0.26841689790020307)), xor(x, x), _if(scalar(0.32839065263947886), scalar(0.5383047636166172), y)), warp(div(scalar(0.6390820168652691), y), sign(scalar(-0.43414244573591443)), add(y, scalar(-0.6442318307406327))))), pow(abs(pow(frac(y), sstep(scalar(-0.7070777476597554)))), step(max(scalar(0.48987882494320556), scalar(-0.7977548043072902))))), abs(xor(sqrt(sign(sqrt(x))), _and(mdist(min(y, scalar(-0.123854383566262, -0.8237365582484517, -0.28911671050967547)), sqrt(scalar(-0.8585578004709593))), len(lerp(scalar(-0.5963966256829478), scalar(0.8328822112183407), scalar(0.914211701800953)), pow(x, scalar(0.4207791106774501)))))))))"
35,gen_00008_indiv_00035,5.8959166989297955,8,126,"cos(sub(sstepp(log(abs(_or(x, x)))), clip(sstep(mult(sqrt(xor(mult(scalar(0.2125451383773731), scalar(0.7891159285149207)), y)), pow(_or(exp(scalar(-0.4268797823071977)), log(scalar(0.87313119706142))), warp(add(scalar(0.17444282915009834), y), lerp(scalar(-0.5963966256829478), scalar(0.8328822112183407), scalar(0.914211701800953)), mult(x, x))))), clip(clip(xor(mult(_or(scalar(-0.77848969786447), y), pow(scalar(-0.3398587584055168, -0.9279810897696437, 0.5415742054172201), scalar(0.2763369282380006, -0.29868870926919877, -0.7932812824492657))), pow(tan(x), sstepp(scalar(-0.39745832928142955)))), sub(lerp(lerp(y, scalar(0.4446319252306208, 0.4446319252306208, 0.4446319252306208), scalar(0.09109838833621442)), mult(scalar(0.6179107559704677, 0.11734183276222088, -0.2191245539964204), scalar(0.5447742356339658)), sin(x)), lerp(sstepp(y), exp(scalar(0.416706532010092)), clip(scalar(-0.5113022974127572, -0.5993446222087069, -0.16767241994890614), scalar(0.8050516580155938, -0.9200987585050651, -0.08344139601673528), y))), lerp(_or(lerp(x, x, scalar(0.9302118885204473, -0.18020556563435086, 0.7692458795661095)), mdist(scalar(-0.8925150475438546), scalar(-0.979017455222799, 0.24193262282713657, -0.8905676791990698))), add(add(scalar(-0.43660612879688143), scalar(-0.20434389039403134)), cos(scalar(0.011771680532794093, 0.3968913011400621, 0.5260618511895729))), sstepp(add(x, y)))), neg(y), _and(log(div(sign(y), sub(x, scalar(-0.2941559256515165, -0.0170577563498453, 0.837531933248735)))), _if(exp(pow(x, y)), sign(step(scalar(-0.5003307933419445))), neg(exp(scalar(0.3236585515150836)))))), abs(xor(sqrt(sign(sqrt(x))), _and(mdist(min(y, scalar(-0.123854383566262, -0.8237365582484517, -0.28911671050967547)), sqrt(scalar(-0.8585578004709593))), len(cos(scalar(0.011771680532794093, 0.3968913011400621, 0.5260618511895729)), x)))))))"
36,gen_00008_indiv_00036,6.641394214018599,9,94,"cos(sub(sstepp(log(abs(_or(x, x)))), clip(sstep(mult(sqrt(xor(mult(scalar(0.2125451383773731), scalar(0.7891159285149207)), clip(x, scalar(0.5982908220024605), x))), pow(_or(exp(scalar(-0.4268797823071977)), log(scalar(0.87313119706142))), warp(add(scalar(0.17444282915009834), y), lerp(scalar(-0.5963966256829478), scalar(0.8328822112183407), scalar(0.914211701800953)), mult(x, x))))), clip(sqrt(scalar(-0.8585578004709593)), pow(sin(tan(max(scalar(0.48987882494320556), scalar(-0.7977548043072902)))), max(scalar(0.4207791106774501), warp(div(scalar(0.6390820168652691), y), add(scalar(-0.43660612879688143), scalar(-0.20434389039403134)), add(y, scalar(-0.6442318307406327))))), pow(abs(pow(frac(y), sstep(scalar(-0.7070777476597554)))), step(lerp(cos(x), _or(lerp(x, x, scalar(0.9302118885204473, -0.18020556563435086, 0.7692458795661095)), mdist(scalar(-0.8925150475438546), scalar(-0.979017455222799, 0.24193262282713657, -0.8905676791990698))), mod(abs(x), sqrt(scalar(-0.9289230942995552, -0.416176666890973, -0.4555496199961797))))))), abs(xor(sqrt(sign(sqrt(x))), len(cos(scalar(0.011771680532794093, 0.3968913011400621, 0.5260618511895729)), pow(x, scalar(0.4207791106774501))))))))"
37,gen_00008_indiv_00037,5.641108269479446,10,146,"cos(sub(sstepp(log(y)), clip(sstep(mult(sqrt(xor(mult(scalar(0.2125451383773731), scalar(0.7891159285149207)), y)), pow(_or(sqrt(xor(mult(scalar(0.2125451383773731), scalar(0.7891159285149207)), clip(x, scalar(0.5982908220024605), x))), log(scalar(0.87313119706142))), warp(add(scalar(0.17444282915009834), y), lerp(scalar(-0.5963966256829478), scalar(0.8328822112183407), scalar(0.914211701800953)), mult(x, x))))), clip(clip(xor(mult(_or(scalar(-0.77848969786447), y), pow(scalar(-0.3398587584055168, -0.9279810897696437, 0.5415742054172201), scalar(0.2763369282380006, -0.29868870926919877, -0.7932812824492657))), pow(tan(x), sstepp(scalar(-0.39745832928142955)))), sub(y, lerp(sstepp(y), exp(scalar(0.416706532010092)), clip(scalar(-0.5113022974127572, -0.5993446222087069, -0.16767241994890614), scalar(0.8050516580155938, -0.9200987585050651, -0.08344139601673528), y))), lerp(_or(lerp(x, x, scalar(0.9302118885204473, -0.18020556563435086, 0.7692458795661095)), mdist(scalar(-0.8925150475438546), scalar(-0.979017455222799, 0.24193262282713657, -0.8905676791990698))), add(add(scalar(-0.43660612879688143), scalar(-0.20434389039403134)), step(scalar(-0.8129418380908067, -0.7442426669256046, 0.9370736201680914))), sstepp(add(x, y)))), pow(sin(tan(max(scalar(0.48987882494320556), scalar(-0.7977548043072902)))), max(lerp(frac(scalar(0.7453978140441169, 0.4233213873340733, 0.26841689790020307)), step(y), _if(scalar(0.32839065263947886), scalar(0.5383047636166172), y)), warp(div(scalar(0.6390820168652691), y), x, add(y, scalar(-0.6442318307406327))))), _and(log(div(sign(y), sub(x, scalar(-0.2941559256515165, -0.0170577563498453, 0.837531933248735)))), _if(exp(pow(x, y)), sign(step(scalar(-0.5003307933419445))), neg(neg(exp(scalar(0.3236585515150836))))))), abs(xor(sqrt(sign(sqrt(x))), _and(mdist(min(y, scalar(-0.123854383566262, -0.8237365582484517, -0.28911671050967547)), sqrt(scalar(-0.8585578004709593))), len(cos(scalar(0.011771680532794093, 0.3968913011400621, 0.5260618511895729)), pow(x, scalar(0.4207791106774501)))))))))"
38,gen_00008_indiv_00038,6.696344990255997,9,144,"cos(sub(sstepp(log(y)), clip(sstep(mult(sqrt(xor(mult(scalar(0.2125451383773731), scalar(0.7891159285149207)), y)), pow(_or(mult(_or(scalar(-0.77848969786447), y), pow(scalar(-0.3398587584055168, -0.9279810897696437, 0.5415742054172201), scalar(0.2763369282380006, -0.29868870926919877, -0.7932812824492657))), log(scalar(0.87313119706142))), warp(add(scalar(0.17444282915009834), y), lerp(scalar(-0.5963966256829478), scalar(0.8328822112183407), scalar(0.914211701800953)), mult(x, x))))), clip(clip(xor(mult(_or(scalar(-0.77848969786447), y), pow(scalar(-0.3398587584055168, -0.9279810897696437, 0.5415742054172201), scalar(0.2763369282380006, -0.29868870926919877, -0.7932812824492657))), pow(tan(x), sstepp(scalar(-0.39745832928142955)))), sub(y, lerp(sstepp(y), exp(scalar(0.416706532010092)), clip(scalar(-0.5113022974127572, -0.5993446222087069, -0.16767241994890614), scalar(0.8050516580155938, -0.9200987585050651, -0.08344139601673528), y))), lerp(_or(lerp(x, x, scalar(0.9302118885204473, -0.18020556563435086, 0.7692458795661095)), mdist(scalar(-0.8925150475438546), scalar(-0.979017455222799, 0.24193262282713657, -0.8905676791990698))), add(add(scalar(-0.43660612879688143), scalar(-0.20434389039403134)), pow(scalar(-0.3398587584055168, -0.9279810897696437, 0.5415742054172201), scalar(0.2763369282380006, -0.29868870926919877, -0.7932812824492657))), sstepp(add(x, y)))), pow(sin(tan(max(scalar(0.48987882494320556), scalar(-0.7977548043072902)))), max(lerp(frac(scalar(0.7453978140441169, 0.4233213873340733, 0.26841689790020307)), step(y), _if(scalar(0.32839065263947886), scalar(0.5383047636166172), y)), warp(div(scalar(0.6390820168652691), y), x, add(y, scalar(-0.6442318307406327))))), _and(log(div(sign(y), sub(x, scalar(-0.2941559256515165, -0.0170577563498453, 0.837531933248735)))), _if(exp(pow(x, y)), sign(step(scalar(-0.5003307933419445))), neg(exp(scalar(0.3236585515150836)))))), abs(xor(sqrt(sign(sqrt(x))), _and(mdist(min(y, scalar(-0.123854383566262, -0.8237365582484517, -0.28911671050967547)), sqrt(scalar(-0.8585578004709593))), len(cos(scalar(0.011771680532794093, 0.3968913011400621, 0.5260618511895729)), pow(x, scalar(0.4207791106774501)))))))))"
39,gen_00008_indiv_00039,6.598190647247866,7,45,"min(_or(sign(clip(sqrt(lerp(lerp(y, scalar(0.355425402485841), scalar(0.09109838833621442)), mult(scalar(0.6179107559704677, 0.11734183276222088, -0.2191245539964204), scalar(0.5447742356339658)), sin(x))), scalar(0.3611229109685967), pow(mult(x, y), pow(clip(y, scalar(0.6214182041131131, 0.012213943471488298, -0.9654832455463729), scalar(0.6454589671050168)), max(x, x))))), exp(sqrt(scalar(-0.8585578004709593)))), sstep(cos(mod(_if(sstep(y), sign(scalar(-0.43414244573591443)), max(scalar(-0.038949413162009394), x)), mult(x, y)))))"
40,gen_00008_indiv_00040,6.480136764616017,9,148,"cos(sub(sstepp(log(abs(x))), clip(sstep(mult(sqrt(xor(mult(scalar(0.2125451383773731), scalar(0.7891159285149207)), clip(x, scalar(0.5982908220024605), x))), pow(cos(x), warp(add(scalar(0.17444282915009834), y), lerp(scalar(-0.5963966256829478), scalar(0.8328822112183407), scalar(0.914211701800953)), sstepp(add(x, y)))))), clip(clip(xor(mult(_or(scalar(-0.77848969786447), y), pow(scalar(-0.3398587584055168, -0.9279810897696437, 0.5415742054172201), scalar(0.2763369282380006, -0.29868870926919877, -0.7932812824492657))), pow(tan(x), sstepp(scalar(-0.39745832928142955)))), sub(min(max(scalar(-0.038949413162009394), x), neg(y)), lerp(sstepp(y), exp(scalar(0.416706532010092)), clip(scalar(-0.5113022974127572, -0.5993446222087069, -0.16767241994890614), scalar(0.8050516580155938, -0.9200987585050651, -0.08344139601673528), y))), lerp(_or(lerp(x, x, scalar(0.9302118885204473, -0.18020556563435086, 0.7692458795661095)), len(lerp(scalar(-0.44453132528350836), scalar(-0.27644071145003757), scalar(-0.1803321927943793)), scalar(-0.18265093714201552))), add(add(scalar(-0.43660612879688143), scalar(-0.20434389039403134)), step(scalar(-0.8129418380908067, -0.7442426669256046, 0.9370736201680914))), sstepp(add(x, y)))), pow(sin(tan(max(scalar(0.48987882494320556), scalar(-0.7977548043072902)))), max(lerp(frac(scalar(0.7453978140441169, 0.4233213873340733, 0.26841689790020307)), xor(x, x), _if(scalar(0.32839065263947886), scalar(0.5383047636166172), y)), warp(div(scalar(0.6390820168652691), y), sign(scalar(-0.43414244573591443)), add(y, scalar(-0.6442318307406327))))), pow(abs(pow(frac(y), sstep(scalar(-0.7070777476597554)))), step(lerp(cos(x), neg(y), mod(abs(x), sqrt(scalar(-0.9289230942995552, -0.416176666890973, -0.4555496199961797))))))), abs(xor(sqrt(sign(x)), _and(mdist(min(y, scalar(-0.123854383566262, -0.8237365582484517, -0.28911671050967547)), sqrt(scalar(-0.8585578004709593))), len(cos(scalar(0.011771680532794093, 0.3968913011400621, 0.5260618511895729)), pow(x, scalar(0.4207791106774501)))))))))"
41,gen_00008_indiv_00041,6.697873716952022,9,143,"cos(sub(sstepp(log(y)), clip(sstep(mult(sqrt(xor(mult(scalar(0.2125451383773731), scalar(0.7891159285149207)), y)), pow(_or(mult(_or(scalar(-0.77848969786447), y), pow(scalar(-0.3398587584055168, -0.9279810897696437, 0.5415742054172201), scalar(0.2763369282380006, -0.29868870926919877, -0.7932812824492657))), log(scalar(0.87313119706142))), warp(add(scalar(0.17444282915009834), y), lerp(scalar(-0.5963966256829478), scalar(0.8328822112183407), scalar(0.914211701800953)), mult(x, x))))), clip(clip(xor(mult(_or(scalar(-0.77848969786447), y), pow(scalar(-0.3398587584055168, -0.9279810897696437, 0.5415742054172201), scalar(0.2763369282380006, -0.29868870926919877, -0.7932812824492657))), pow(tan(x), sstepp(scalar(-0.39745832928142955)))), sub(y, lerp(sstepp(y), exp(scalar(0.416706532010092)), clip(scalar(-0.5113022974127572, -0.5993446222087069, -0.16767241994890614), scalar(0.8050516580155938, -0.9200987585050651, -0.08344139601673528), y))), lerp(_or(lerp(x, x, scalar(0.9302118885204473, -0.18020556563435086, 0.7692458795661095)), mdist(scalar(-0.8925150475438546), scalar(-0.979017455222799, 0.24193262282713657, -0.8905676791990698))), add(pow(x, scalar(0.4207791106774501)), step(scalar(-0.8129418380908067, -0.7442426669256046, 0.9370736201680914))), sstepp(add(x, y)))), pow(sin(tan(max(scalar(0.48987882494320556), scalar(-0.7977548043072902)))), max(lerp(frac(scalar(0.7453978140441169, 0.4233213873340733, 0.26841689790020307)), step(y), _if(scalar(0.32839065263947886), scalar(0.5383047636166172), y)), warp(div(scalar(0.6390820168652691), y), x, add(y, scalar(-0.6442318307406327))))), _and(log(div(sign(y), sub(x, scalar(-0.2941559256515165, -0.0170577563498453, 0.837531933248735)))), _if(exp(pow(x, y)), sign(step(scalar(-0.5003307933419445))), neg(exp(scalar(0.3236585515150836)))))), abs(xor(sqrt(sign(sqrt(x))), _and(mdist(min(y, scalar(-0.123854383566262, -0.8237365582484517, -0.28911671050967547)), sqrt(scalar(-0.8585578004709593))), len(cos(scalar(0.011771680532794093, 0.3968913011400621, 0.5260618511895729)), pow(x, scalar(0.4207791106774501)))))))))"
42,gen_00008_indiv_00042,6.634840096678163,7,61,"cos(sub(sstepp(log(abs(_or(x, x)))), clip(xor(mult(_or(scalar(-0.77848969786447), y), pow(scalar(-0.3398587584055168, -0.9279810897696437, 0.5415742054172201), scalar(0.2763369282380006, -0.29868870926919877, -0.7932812824492657))), pow(tan(x), sstepp(scalar(-0.39745832928142955)))), sub(min(max(scalar(-0.038949413162009394), x), neg(y)), lerp(sstepp(y), exp(scalar(0.416706532010092)), clip(scalar(-0.5113022974127572, -0.5993446222087069, -0.16767241994890614), scalar(0.8050516580155938, -0.9200987585050651, -0.08344139601673528), y))), lerp(_or(lerp(x, x, scalar(0.9302118885204473, -0.18020556563435086, 0.7692458795661095)), len(lerp(scalar(-0.44453132528350836), scalar(-0.27644071145003757), scalar(-0.1803321927943793)), scalar(-0.18265093714201552))), add(lerp(x, x, scalar(0.9302118885204473, -0.18020556563435086, 0.7692458795661095)), step(scalar(-0.8129418380908067, -0.7442426669256046, 0.9370736201680914))), sstepp(add(x, y))))))"
43,gen_00008_indiv_00043,5.88816470668462,8,140,"cos(sub(sstepp(log(abs(_or(x, x)))), clip(sstep(mult(sqrt(xor(mult(scalar(0.2125451383773731), scalar(0.7891159285149207)), y)), pow(_or(exp(scalar(-0.4268797823071977)), log(scalar(0.87313119706142))), warp(add(scalar(0.17444282915009834), y), lerp(scalar(-0.5963966256829478), scalar(0.8328822112183407), scalar(0.914211701800953)), max(scalar(0.48987882494320556), scalar(-0.7977548043072902)))))), clip(clip(xor(mult(_or(scalar(-0.77848969786447), y), pow(scalar(-0.3398587584055168, -0.9279810897696437, 0.5415742054172201), scalar(0.2763369282380006, -0.29868870926919877, -0.7932812824492657))), pow(tan(x), sstepp(scalar(-0.39745832928142955)))), sub(min(max(scalar(-0.038949413162009394), x), neg(y)), lerp(sstepp(y), exp(scalar(0.416706532010092)), clip(scalar(-0.5113022974127572, -0.5993446222087069, -0.16767241994890614), scalar(0.8050516580155938, -0.9200987585050651, -0.08344139601673528), y))), lerp(_or(lerp(x, x, scalar(0.9302118885204473, -0.18020556563435086, 0.7692458795661095)), mdist(scalar(-0.8925150475438546), scalar(-0.979017455222799, 0.24193262282713657, -0.8905676791990698))), add(add(scalar(-0.43660612879688143), scalar(-0.20434389039403134)), step(scalar(-0.8129418380908067, -0.7442426669256046, 0.9370736201680914))), sstepp(add(x, y)))), pow(sin(tan(max(scalar(0.48987882494320556), scalar(-0.7977548043072902)))), max(lerp(frac(scalar(0.7453978140441169, 0.4233213873340733, 0.26841689790020307)), step(y), _if(scalar(0.32839065263947886), scalar(0.5383047636166172), y)), warp(div(scalar(0.6390820168652691), y), mdist(x, y), add(y, scalar(-0.6442318307406327))))), _and(warp(add(scalar(0.17444282915009834), y), lerp(scalar(-0.5963966256829478), scalar(0.8328822112183407), scalar(0.914211701800953)), mult(x, x)), y)), abs(xor(sqrt(sign(sqrt(x))), _and(mdist(min(y, scalar(-0.123854383566262, -0.8237365582484517, -0.28911671050967547)), sqrt(scalar(-0.8585578004709593))), len(cos(scalar(0.011771680532794093, 0.3968913011400621, 0.5260618511895729)), x)))))))"
44,gen_00008_indiv_00044,6.641394214018599,9,86,"cos(sub(sstepp(log(abs(_or(x, x)))), clip(sstep(mult(sqrt(xor(y, clip(x, scalar(0.5982908220024605), x))), pow(_or(exp(scalar(-0.4268797823071977)), log(scalar(0.87313119706142))), warp(add(scalar(0.17444282915009834), y), lerp(scalar(-0.5963966256829478), scalar(0.8328822112183407), scalar(0.914211701800953)), mult(x, x))))), clip(sqrt(scalar(-0.8585578004709593)), pow(sin(tan(max(scalar(0.48987882494320556), scalar(-0.7977548043072902)))), max(scalar(0.4207791106774501), warp(div(scalar(0.6390820168652691), y), add(scalar(-0.43660612879688143), scalar(-0.20434389039403134)), add(y, scalar(-0.6442318307406327))))), pow(abs(pow(frac(y), sstep(scalar(-0.7070777476597554)))), step(lerp(cos(x), neg(y), mod(abs(x), sqrt(scalar(-0.9289230942995552, -0.416176666890973, -0.4555496199961797))))))), abs(xor(sqrt(sign(sqrt(x))), len(cos(scalar(0.011771680532794093, 0.3968913011400621, 0.5260618511895729)), pow(x, scalar(0.4207791106774501))))))))"
45,gen_00008_indiv_00045,6.1248252569285455,6,10,"cos(sub(sstepp(log(abs(sin(x)))), pow(x, y)))"
46,gen_00008_indiv_00046,5.4513933879788965,8,42,"cos(sub(sstepp(log(abs(sin(x)))), clip(sstep(mult(len(cos(x), step(y)), mdist(mdist(x, y), sqrt(scalar(-0.4768992246590582))))), scalar(0.09109838833621442), abs(xor(sqrt(sign(sqrt(x))), _and(mdist(min(y, scalar(-0.123854383566262, -0.8237365582484517, -0.28911671050967547)), sqrt(scalar(-0.8585578004709593))), len(cos(scalar(0.011771680532794093, 0.3968913011400621, 0.5260618511895729)), lerp(y, scalar(0.355425402485841), scalar(0.09109838833621442)))))))))"
47,gen_00008_indiv_00047,6.699063420154923,9,126,"cos(sub(sstepp(log(y)), clip(sstep(mult(sqrt(xor(mult(scalar(0.2125451383773731), scalar(0.7891159285149207)), y)), pow(_or(mult(_or(scalar(-0.77848969786447), y), pow(scalar(-0.3398587584055168, -0.9279810897696437, 0.5415742054172201), scalar(0.2763369282380006, -0.29868870926919877, -0.7932812824492657))), log(scalar(0.87313119706142))), warp(add(scalar(0.17444282915009834), y), lerp(scalar(-0.5963966256829478), scalar(0.8328822112183407), scalar(0.914211701800953)), mult(x, x))))), clip(mult(sqrt(xor(mult(scalar(0.2125451383773731), scalar(0.7891159285149207)), clip(x, scalar(0.5982908220024605), x))), pow(_or(exp(scalar(-0.4268797823071977)), log(scalar(0.87313119706142))), _if(add(scalar(0.17444282915009834), y), lerp(scalar(-0.5963966256829478), scalar(0.8328822112183407), scalar(0.914211701800953)), mult(x, x)))), pow(sin(tan(max(scalar(0.48987882494320556), scalar(-0.7977548043072902)))), max(lerp(frac(scalar(0.7453978140441169, 0.4233213873340733, 0.26841689790020307)), step(y), _if(scalar(0.32839065263947886), scalar(0.5383047636166172), y)), warp(div(scalar(0.6390820168652691), y), x, add(y, scalar(-0.6442318307406327))))), _and(log(div(sign(y), sub(x, scalar(-0.2941559256515165, -0.0170577563498453, 0.837531933248735)))), _if(exp(pow(x, y)), sign(step(scalar(-0.5003307933419445))), neg(exp(scalar(0.3236585515150836)))))), abs(xor(sqrt(sign(sqrt(x))), _and(mdist(min(y, scalar(-0.123854383566262, -0.8237365582484517, -0.28911671050967547)), sqrt(scalar(-0.8585578004709593))), len(cos(scalar(0.011771680532794093, 0.3968913011400621, 0.5260618511895729)), pow(x, scalar(0.4207791106774501)))))))))"
48,gen_00008_indiv_00048,6.400178825117965,8,120,"cos(sub(sstepp(log(abs(x))), clip(sstep(mult(len(cos(x), step(y)), add(x, y))), clip(clip(xor(mult(_or(scalar(-0.77848969786447), y), pow(scalar(-0.3398587584055168, -0.9279810897696437, 0.5415742054172201), scalar(0.2763369282380006, -0.29868870926919877, -0.7932812824492657))), pow(tan(x), sstepp(scalar(-0.39745832928142955)))), log(div(sign(y), sub(x, scalar(-0.2941559256515165, -0.0170577563498453, 0.837531933248735)))), lerp(_or(lerp(x, x, scalar(0.9302118885204473, -0.18020556563435086, 0.7692458795661095)), mdist(scalar(-0.8925150475438546), scalar(-0.979017455222799, 0.24193262282713657, -0.8905676791990698))), add(add(scalar(-0.43660612879688143), scalar(-0.20434389039403134)), step(scalar(-0.8129418380908067, -0.7442426669256046, 0.9370736201680914))), sstepp(exp(scalar(-0.4268797823071977))))), pow(sin(tan(max(scalar(0.48987882494320556), y))), max(lerp(frac(scalar(0.7453978140441169, 0.4233213873340733, 0.26841689790020307)), xor(x, x), _if(scalar(0.32839065263947886), scalar(0.5383047636166172), y)), warp(step(y), sstepp(scalar(-0.806708653191462)), add(y, scalar(-0.6442318307406327))))), _and(log(div(sign(y), sub(x, scalar(-0.2941559256515165, -0.0170577563498453, 0.837531933248735)))), _if(exp(pow(x, y)), sign(step(scalar(-0.5003307933419445))), neg(exp(scalar(0.3236585515150836)))))), abs(xor(sqrt(sign(sqrt(x))), _and(mdist(min(y, scalar(-0.123854383566262, -0.8237365582484517, -0.28911671050967547)), sqrt(scalar(-0.8585578004709593))), len(cos(scalar(0.011771680532794093, 0.3968913011400621, 0.5260618511895729)), pow(x, scalar(0.4207791106774501)))))))))"
49,gen_00008_indiv_00049,5.347516471025301,8,120,"cos(sub(sstepp(log(mult(sstep(x), mdist(mdist(x, y), scalar(-0.1780816454360239))))), clip(sstep(mult(len(cos(x), step(y)), mdist(mdist(x, y), sqrt(scalar(-0.4768992246590582))))), clip(clip(xor(mult(_or(scalar(-0.77848969786447), y), pow(scalar(-0.3398587584055168, -0.9279810897696437, 0.5415742054172201), scalar(0.2763369282380006, -0.29868870926919877, -0.7932812824492657))), pow(tan(x), sstepp(scalar(-0.39745832928142955)))), sub(min(max(scalar(-0.038949413162009394), x), neg(y)), lerp(sstepp(y), exp(scalar(0.416706532010092)), clip(scalar(-0.5113022974127572, -0.5993446222087069, -0.16767241994890614), scalar(0.8050516580155938, -0.9200987585050651, -0.08344139601673528), y))), lerp(_or(lerp(x, x, scalar(0.9302118885204473, -0.18020556563435086, 0.7692458795661095)), mdist(scalar(-0.8925150475438546), scalar(-0.979017455222799, 0.24193262282713657, -0.8905676791990698))), add(add(scalar(-0.43660612879688143), scalar(-0.20434389039403134)), step(scalar(-0.8129418380908067, -0.7442426669256046, 0.9370736201680914))), len(x, scalar(0.9807570151671052)))), xor(mult(scalar(0.2125451383773731), scalar(0.7891159285149207)), clip(x, scalar(0.5982908220024605), x)), _and(log(div(sign(y), sub(x, scalar(-0.2941559256515165, -0.0170577563498453, 0.837531933248735)))), _if(exp(pow(x, y)), log(scalar(0.87313119706142)), neg(exp(scalar(0.3236585515150836)))))), abs(xor(sqrt(sign(sqrt(x))), _and(mdist(min(y, scalar(-0.123854383566262, -0.8237365582484517, -0.28911671050967547)), cos(x)), len(cos(scalar(0.011771680532794093, 0.3968913011400621, 0.5260618511895729)), pow(x, scalar(0.4207791106774501)))))))))"
